<?xml version="1.0" encoding="UTF-8"?>
<project-private xmlns="http://www.netbeans.org/ns/project-private/1">
    <editor-bookmarks xmlns="http://www.netbeans.org/ns/editor-bookmarks/2" lastBookmarkId="0"/>
    <open-files xmlns="http://www.netbeans.org/ns/projectui-open-files/2">
        <group>
            <file>file:/C:/Data/BeyondArduino/ITMC_III_6a.X/io_ctrl.h</file>
            <file>file:/C:/Program%20Files/Microchip/MPLABX/v6.15/packs/Microchip/ATtiny_DFP/3.0.151/xc8/avr/include/avr/iotn412.h</file>
            <file>file:/C:/Data/BeyondArduino/ITMC_III_6a.X/main.c</file>
            <file>file:/C:/Data/BeyondArduino/ITMC_III_6a.X/io_ctrl.c</file>
            <file>file:/C:/Data/BeyondArduino/ITMC_III_6a.X/systime.c</file>
        </group>
    </open-files>
</project-private>
