<?xml version="1.0" encoding="UTF-8"?>
<project-private xmlns="http://www.netbeans.org/ns/project-private/1">
    <editor-bookmarks xmlns="http://www.netbeans.org/ns/editor-bookmarks/2" lastBookmarkId="0"/>
    <open-files xmlns="http://www.netbeans.org/ns/projectui-open-files/2">
        <group>
            <file>file:/C:/Data/BeyondArduino/ITMC_III_9_CCL.X/main.c</file>
            <file>file:/C:/Data/BeyondArduino/ITMC_III_9_CCL.X/ccl.c</file>
            <file>file:/C:/Program%20Files/Microchip/xc8/v2.46/dfp/xc8/avr/include/avr/iotn412.h</file>
        </group>
    </open-files>
</project-private>
