<?xml version="1.0" encoding="UTF-8"?>
<project-private xmlns="http://www.netbeans.org/ns/project-private/1">
    <editor-bookmarks xmlns="http://www.netbeans.org/ns/editor-bookmarks/2" lastBookmarkId="0"/>
    <open-files xmlns="http://www.netbeans.org/ns/projectui-open-files/2">
        <group>
            <file>file:/C:/Data/BeyondArduino/ITMC_III_6b_TCD.X/tcd.h</file>
            <file>file:/C:/Data/BeyondArduino/ITMC_III_6b_TCD.X/tcd.c</file>
            <file>file:/C:/Data/BeyondArduino/ITMC_III_6b_TCD.X/main.c</file>
            <file>file:/C:/Data/BeyondArduino/ITMC_III_6b_TCD.X/nbproject/Makefile-impl.mk</file>
        </group>
    </open-files>
</project-private>
