<?xml version="1.0" encoding="UTF-8"?>
<project-private xmlns="http://www.netbeans.org/ns/project-private/1">
    <editor-bookmarks xmlns="http://www.netbeans.org/ns/editor-bookmarks/2" lastBookmarkId="0"/>
    <open-files xmlns="http://www.netbeans.org/ns/projectui-open-files/2">
        <group>
            <file>file:/C:/Data/BeyondArduino/ITMC_III_10_AC.X/io_ctrl.c</file>
            <file>file:/C:/Data/BeyondArduino/ITMC_III_10_AC.X/ac.c</file>
            <file>file:/C:/Data/BeyondArduino/ITMC_III_10_AC.X/ac.h</file>
            <file>file:/C:/Data/BeyondArduino/ITMC_III_10_AC.X/main.c</file>
        </group>
    </open-files>
</project-private>
